<?xml version="1.0" encoding="UTF-8"?>
<project-private xmlns="http://www.netbeans.org/ns/project-private/1">
    <editor-bookmarks xmlns="http://www.netbeans.org/ns/editor-bookmarks/2" lastBookmarkId="0"/>
    <open-files xmlns="http://www.netbeans.org/ns/projectui-open-files/2">
        <group>
            <file>file:/C:/Users/Sankyo/Documents/NetBeansProjects/Bureau%20of%20Internal%20Revenue/src/bureau/of/internal/revenue/REVIEWER.java</file>
            <file>file:/C:/Users/Sankyo/Documents/NetBeansProjects/Bureau%20of%20Internal%20Revenue/src/bureau/of/internal/revenue/ConnectionDB.java</file>
            <file>file:/C:/Users/Sankyo/Documents/NetBeansProjects/Bureau%20of%20Internal%20Revenue/src/bureau/of/internal/revenue/ConnectionDatabase.java</file>
            <file>file:/C:/Users/Sankyo/Documents/NetBeansProjects/Bureau%20of%20Internal%20Revenue/src/bureau/of/internal/revenue/CA5.java</file>
            <file>file:/C:/Users/Sankyo/Documents/NetBeansProjects/Bureau%20of%20Internal%20Revenue/src/bureau/of/internal/revenue/RECEIVING.java</file>
            <file>file:/C:/Users/Sankyo/Documents/NetBeansProjects/Bureau%20of%20Internal%20Revenue/src/bureau/of/internal/revenue/ADMIN.java</file>
        </group>
    </open-files>
</project-private>
